Customer ID,Customer Name,Segment
RH-19495,Rick Hansen,Consumer
JR-16210,Justin Ritter,Corporate
CR-12730,Craig Reiter,Consumer
KM-16375,Katherine Murray,Home Office
RH-9495,Rick Hansen,Consumer
JM-15655,Jim Mitchum,Corporate
TS-21340,Toby Swindell,Consumer
MB-18085,Mick Brown,Consumer
JW-15220,Jane Waco,Corporate
JH-15985,Joseph Holt,Consumer
GM-14695,Greg Maxwell,Corporate
AJ-10780,Anthony Jacobs,Corporate
MM-7260,Magdelene Morse,Consumer
VF-21715,Vicky Freymann,Home Office
PF-19120,Peter Fuller,Consumer
BP-11185,Ben Peterman,Corporate
TB-21175,Thomas Boland,Corporate
PJ-18835,Patrick Jones,Corporate
JS-15685,Jim Sink,Corporate
RH-9555,Ritsa Hightower,Consumer
AB-600,Ann Blume,Corporate
SA-20830,Sue Ann Reed,Consumer
JK-15325,Jason Klamczynski,Corporate
LB-16795,Laurel Beltran,Home Office
NP-18325,Naresj Patel,Consumer
VD-21670,Valerie Dominguez,Consumer
PB-19210,Phillip Breyer,Corporate
EB-14110,Eugene Barchas,Consumer
KF-16285,Karen Ferguson,Home Office
BP-11230,Benjamin Patterson,Consumer
RR-19525,Rick Reed,Corporate
BS-11365,Bill Shonely,Corporate
JE-15745,Joel Eaton,Consumer
DP-13105,Dave Poirier,Corporate
NP-18700,Nora Preis,Consumer
AH-30,Aaron Hawkins,Corporate
DM-13015,Darrin Martin,Consumer
GT-14635,Grant Thornton,Corporate
PO-18865,Patrick O'Donnell,Consumer
DL-12865,Dan Lawera,Consumer
JB-16000,Joy Bell-,Consumer
BF-11005,Barry Franz,Home Office
VG-21805,Vivek Grady,Corporate
GT-14710,Greg Tran,Consumer
ZC-21910,Zuschuss Carroll,Consumer
SC-20095,Sanjit Chand,Consumer
EB-13840,Ellis Ballard,Corporate
AP-10915,Arthur Prichep,Consumer
SW-20275,Scott Williamson,Consumer
JH-15820,John Huston,Consumer
LC-16885,Lena Creighton,Consumer
TG-11640,Trudy Glocke,Consumer
HR-14830,Harold Ryan,Corporate
DG-3300,Deirdre Greer,Corporate
SG-20470,Sheri Gordon,Corporate
FH-14365,Fred Hopkins,Consumer
GP-14740,Guy Phonely,Corporate
MW-18220,Mitch Webber,Corporate
PO-18850,Patrick O'Brill,Consumer
CS-12460,Chuck Sachs,Consumer
KD-16495,Keith Dawkins,Consumer
MS-17980,Michael Stewart,Corporate
KC-16675,Kimberly Carter,Corporate
DB-13405,Denny Blanton,Corporate
JD-15895,Jonathan Doherty,Consumer
DK-13090,Dave Kipp,Corporate
CS-11845,Cari Sayre,Consumer
EM-14200,Evan Minnotte,Corporate
DW-3480,Dianna Wilson,Home Office
AS-10225,Alan Schoenberger,Home Office
ST-20530,Shui Tom,Corporate
BW-1065,Barry Weirich,Consumer
LA-16780,Laura Armstrong,Consumer
AB-10150,Aimee Bixby,Corporate
CM-12385,Christopher Martinez,Consumer
BE-11410,Bobby Elias,Consumer
SZ-20035,Sam Zeldin,Consumer
RM-19375,Raymond Messe,Consumer
HG-14845,Harry Greene,Home Office
DP-3105,Dave Poirier,Consumer
AR-10540,Andy Reiter,Consumer
TP-21415,Tom Prescott,Corporate
AM-10705,Anne McFarland,Consumer
AB-255,Alejandro Ballentine,Consumer
RP-19270,Rachel Payne,Consumer
BK-11260,Berenike Kampe,Consumer
JM-15250,Janet Martin,Home Office
LW-16990,Lindsay Williams,Corporate
NZ-18565,Nick Zandusky,Consumer
SV-10815,Stuart Van,Consumer
SC-20695,Steve Chapman,Corporate
NC-18625,Noah Childs,Corporate
NF-18385,Natalie Fritzler,Home Office
PM-18940,Paul MacIntyre,Corporate
MZ-17335,Maria Zettner,Corporate
HM-4980,Henry MacAllister,Corporate
RW-19540,Rick Wilson,Consumer
LH-17155,Logan Haushalter,Home Office
KM-16660,Khloe Miller,Consumer
AB-10060,Adam Bellavance,Home Office
DB-13060,Dave Brooks,Consumer
VM-21685,Valerie Mitchum,Corporate
DM-13525,Don Miller,Consumer
NM-18520,Neoma Murray,Corporate
RO-19780,Rose O'Brian,Consumer
SB-20185,Sarah Brown,Consumer
EM-14065,Erin Mull,Home Office
RS-19765,Roland Schwarz,Home Office
ON-18715,Odella Nelson,Consumer
VS-21820,Vivek Sundaresam,Home Office
CM-12115,Chad McGuire,Corporate
TB-21400,Tom Boeckenhauer,Corporate
AB-10105,Adrian Barton,Consumer
DW-13540,Don Weiss,Consumer
PS-19045,Penelope Sewall,Consumer
CC-12370,Christopher Conant,Consumer
TC-21295,Toby Carlisle,Consumer
GM-14440,Gary McGarr,Corporate
SV-20815,Stuart Van,Corporate
MM-17920,Michael Moore,Consumer
JK-16120,Julie Kriz,Consumer
DJ-13510,Don Jones,Consumer
AT-10435,Alyssa Tate,Consumer
AB-10015,Aaron Bergman,Corporate
RP-19390,Resi Pölking,Corporate
MJ-17740,Max Jones,Consumer
PV-18985,Paul Van Hugh,Home Office
SB-20290,Sean Braxton,Consumer
SM-10005,Sally Matthias,Consumer
KH-16330,Katharine Harms,Consumer
MP-18175,Mike Pelletier,Corporate
LH-17020,Lisa Hazard,Consumer
ND-18370,Natalie DeCherney,Home Office
CR-12625,Corey Roper,Home Office
GM-14680,Greg Matthias,Corporate
RA-19945,Ryan Akin,Consumer
BW-11110,Bart Watters,Home Office
RF-19735,Roland Fjeld,Consumer
AG-10675,Anna Gayman,Consumer
DM-12955,Dario Medina,Consumer
KD-16270,Karen Daniels,Home Office
BE-11335,Bill Eplett,Corporate
SO-20335,Sean O'Donnell,Consumer
DK-12835,Damala Kotsonis,Home Office
LC-7050,Liz Carlisle,Corporate
CG-12520,Claire Gute,Home Office
TB-21280,Toby Braunhardt,Consumer
HG-15025,Hunter Glantz,Consumer
AD-10180,Alan Dominguez,Home Office
BP-11155,Becky Pak,Corporate
AA-10480,Andrew Allen,Consumer
RL-19615,Rob Lucas,Consumer
CS-12505,Cindy Stewart,Consumer
SW-20245,Scot Wooten,Corporate
TA-21385,Tom Ashbrook,Consumer
YC-21895,Yoseph Carroll,Consumer
JM-15580,Jill Matthias,Consumer
MZ-7335,Maria Zettner,Corporate
JF-15295,Jason Fortune-,Consumer
JL-15835,John Lee,Home Office
DJ-3510,Don Jones,Consumer
MF-18250,Monica Federle,Corporate
JE-15610,Jim Epp,Consumer
CP-12340,Christine Phan,Corporate
EH-14125,Eugene Hildebrand,Consumer
NC-18340,Nat Carroll,Consumer
JS-16030,Joy Smith,Consumer
AM-10360,Alice McCarthy,Home Office
JF-15190,Jamie Frazer,Consumer
JG-15160,James Galang,Consumer
DP-13390,Dennis Pardue,Consumer
AG-10330,Alex Grayson,Consumer
GK-14620,Grace Kelly,Consumer
NF-18475,Neil Französisch,Home Office
DR-12940,Daniel Raglin,Corporate
NB-18655,Nona Balk,Corporate
NM-18445,Nathan Mautz,Consumer
NP-18670,Nora Paige,Home Office
SC-20380,Shahid Collister,Consumer
PA-9060,Pete Armstrong,Consumer
RB-19570,Rob Beeghly,Corporate
SR-20740,Steven Roelle,Corporate
RH-19510,Rick Huthwaite,Consumer
LH-16750,Larry Hughes,Corporate
KB-16585,Ken Black,Corporate
EM-13810,Eleni McCrary,Home Office
MZ-7515,Mary Zewe,Consumer
DM-13345,Denise Monton,Home Office
CA-11965,Carol Adams,Consumer
SC-20305,Sean Christensen,Corporate
MH-18115,Mick Hernandez,Consumer
KS-16300,Karen Seio,Consumer
BG-11740,Bruce Geld,Consumer
CR-2625,Corey Roper,Home Office
CB-12415,Christy Brittain,Consumer
AP-10720,Anne Pryor,Corporate
CR-12820,Cyra Reiten,Home Office
BF-11080,Bart Folk,Corporate
JM-15265,Janet Molinari,Home Office
TW-21025,Tamara Willingham,Corporate
RB-19330,Randy Bradley,Home Office
JA-15970,Joseph Airdo,Home Office
AB-60,Adam Bellavance,Consumer
JR-5670,Jim Radford,Consumer
MD-17350,Maribeth Dona,Home Office
PK-19075,Pete Kriz,Consumer
TP-21130,Theone Pippenger,Home Office
JK-15640,Jim Kriz,Home Office
CD-11920,Carlos Daly,Consumer
JL-5835,John Lee,Consumer
EP-13915,Emily Phan,Corporate
MS-17770,Maxwell Schwartz,Consumer
CM-12655,Corinna Mitchell,Corporate
JC-6105,Julie Creighton,Corporate
GB-14530,George Bell,Corporate
JH-16180,Justin Hirsh,Corporate
MT-8070,Michelle Tran,Consumer
CV-2805,Cynthia Voltz,Home Office
NH-18610,Nicole Hansen,Corporate
HJ-14875,Heather Jas,Consumer
JL-15175,James Lanier,Home Office
MY-18295,Muhammed Yedwab,Consumer
MW-18235,Mitch Willingham,Consumer
KC-16540,Kelly Collister,Consumer
HA-14920,Helen Andreada,Home Office
MT-17815,Meg Tillman,Home Office
FW-14395,Fred Wasserman,Consumer
BH-11710,Brosina Hoffman,Corporate
DK-12895,Dana Kaydos,Home Office
SC-20845,Sung Chung,Home Office
CY-12745,Craig Yedwab,Consumer
HL-15040,Hunter Lopez,Home Office
CT-11995,Carol Triggs,Consumer
GR-4560,Georgia Rosenberg,Home Office
TT-21070,Ted Trevino,Consumer
PO-19195,Phillina Ober,Consumer
ED-13885,Emily Ducich,Consumer
TM-21490,Tony Molinari,Corporate
AW-10840,Anthony Witt,Consumer
AT-10735,Annie Thurman,Home Office
SG-10605,Speros Goranitis,Consumer
BM-11785,Bryan Mills,Consumer
DK-13375,Dennis Kane,Consumer
PF-19225,Phillip Flathmann,Consumer
TG-21310,Toby Gnade,Home Office
SF-10200,Sarah Foster,Corporate
JW-5220,Jane Waco,Corporate
CC-12100,Chad Cunningham,Home Office
RD-19930,Russell D'Ascenzo,Consumer
BP-1230,Benjamin Patterson,Home Office
CS-12175,Charles Sheldon,Consumer
JD-16060,Julia Dunbar,Corporate
GH-14665,Greg Hansen,Corporate
CM-11935,Carlos Meador,Corporate
RB-9465,Rick Bensley,Home Office
RB-19795,Ross Baird,Home Office
DL-13495,Dionis Lloyd,Corporate
TS-21205,Thomas Seio,Corporate
MV-8190,Mike Vittorini,Home Office
BD-11560,Brendan Dodson,Corporate
PS-18760,Pamela Stobb,Consumer
FM-14215,Filia McAdams,Consumer
CA-12775,Cynthia Arntzen,Consumer
CD-12790,Cynthia Delaney,Consumer
NL-18310,Nancy Lomonaco,Corporate
TB-21055,Ted Butterfield,Consumer
EH-4125,Eugene Hildebrand,Consumer
KB-16600,Ken Brennan,Consumer
KW-16435,Katrina Willman,Consumer
MG-17695,Maureen Gnade,Corporate
HM-14860,Harry Marie,Consumer
BP-11290,Beth Paige,Consumer
HZ-4950,Henia Zydlo,Consumer
TC-20980,Tamara Chand,Corporate
EM-13825,Elizabeth Moffitt,Consumer
BS-11800,Bryan Spruell,Home Office
DV-13465,Dianna Vittorini,Home Office
MB-17305,Maria Bertelson,Consumer
PC-19000,Pauline Chand,Consumer
CA-12310,Christine Abelman,Consumer
KC-16255,Karen Carlisle,Corporate
DB-3660,Duane Benoit,Consumer
SC-20260,Scott Cohen,Consumer
BD-11500,Bradley Drucker,Consumer
BM-11140,Becky Martin,Corporate
KB-16315,Karl Braun,Consumer
JM-15865,John Murray,Consumer
AF-10885,Art Foster,Consumer
SJ-20500,Shirley Jackson,Corporate
WB-21850,William Brown,Consumer
CC-12610,Corey Catlett,Consumer
BE-11455,Brad Eason,Corporate
TG-21640,Trudy Glocke,Home Office
MS-17365,Maribeth Schnelling,Consumer
NP-18685,Nora Pelletier,Consumer
RM-19675,Robert Marley,Consumer
SN-20560,Skye Norling,Corporate
CD-12280,Christina DeMoss,Corporate
BG-11035,Barry Gonzalez,Consumer
CC-12550,Clay Cheatham,Consumer
SV-20785,Stewart Visinsky,Consumer
HW-14935,Helen Wasserman,Consumer
AS-10285,Alejandro Savely,Home Office
LD-16855,Lela Donovan,Home Office
NS-18505,Neola Schneider,Home Office
CM-12715,Craig Molinari,Corporate
JD-6060,Julia Dunbar,Corporate
MG-17680,Maureen Gastineau,Consumer
DB-13210,Dean Braden,Consumer
CS-11860,Cari Schnelling,Consumer
GG-14650,Greg Guthrie,Home Office
BN-11470,Brad Norvell,Consumer
BS-1665,Brian Stugart,Corporate
AC-10450,Amy Cox,Consumer
CK-12205,Chloris Kastensmidt,Home Office
JD-16150,Justin Deggeller,Home Office
CC-2550,Clay Cheatham,Consumer
MS-17830,Melanie Seite,Home Office
SM-20950,Suzanne McNair,Corporate
CL-12700,Craig Leslie,Home Office
CM-12160,Charles McCrossin,Corporate
JC-15775,John Castell,Consumer
LH-16900,Lena Hernandez,Consumer
DV-13045,Darrin Van Huff,Consumer
BT-11530,Bradley Talbott,Home Office
BM-1650,Brian Moss,Consumer
MG-18205,Mitch Gastineau,Corporate
RB-19705,Roger Barcio,Consumer
FC-14245,Frank Carlisle,Consumer
TT-21220,Thomas Thornton,Corporate
SJ-20215,Sarah Jordon,Corporate
PB-18805,Patrick Bzostek,Consumer
RW-19690,Robert Waldorf,Home Office
DB-3360,Dennis Bolton,Consumer
DK-13150,David Kendrick,Consumer
RW-9540,Rick Wilson,Home Office
MP-17470,Mark Packer,Corporate
TB-21625,Trudy Brown,Corporate
MO-17800,Meg O'Connel,Consumer
MR-17545,Mathew Reese,Home Office
LC-17050,Liz Carlisle,Consumer
RA-19885,Ruben Ausman,Corporate
MG-8145,Mike Gockenbach,Consumer
JE-16165,Justin Ellison,Consumer
JK-16090,Juliana Krohn,Consumer
EM-13960,Eric Murdock,Consumer
DJ-13420,Denny Joy,Consumer
BO-11425,Bobby Odegard,Corporate
LW-17215,Luke Weiss,Consumer
PJ-19015,Pauline Johnson,Consumer
KM-16720,Kunst Miller,Consumer
BG-11695,Brooke Gillingham,Corporate
CS-12130,Chad Sievert,Consumer
MC-17425,Mark Cousins,Corporate
BD-1635,Brian Derr,Consumer
RF-19345,Randy Ferguson,Home Office
MG-7680,Maureen Gastineau,Consumer
KH-16690,Kristen Hastings,Consumer
CC-12475,Cindy Chapman,Home Office
LT-16765,Larry Tron,Home Office
BF-10975,Barbara Fisher,Home Office
CJ-12010,Caroline Jumper,Corporate
SH-9975,Sally Hughsby,Home Office
SL-20155,Sara Luxemburg,Consumer
NC-8340,Nat Carroll,Home Office
JB-5400,Jennifer Braxton,Consumer
TB-21250,Tim Brockman,Consumer
PS-18970,Paul Stevenson,Consumer
BB-11545,Brenda Bowman,Consumer
SG-10470,Sheri Gordon,Corporate
SP-20920,Susan Pistek,Corporate
Dp-13240,Dean percer,Corporate
GZ-14470,Gary Zandusky,Consumer
AH-10075,Adam Hart,Corporate
CB-2025,Cassandra Brandow,Corporate
SC-20050,Sample Company A,Consumer
SC-10230,Scot Coram,Home Office
JS-15595,Jill Stevenson,Consumer
BS-11380,Bill Stewart,Consumer
JL-5130,Jack Lebron,Consumer
AS-10090,Adam Shillingsburg,Consumer
EL-13735,Ed Ludwig,Corporate
FH-14275,Frank Hawley,Corporate
OT-18730,Olvera Toch,Consumer
SM-10320,Sean Miller,Consumer
PM-19135,Peter McVee,Consumer
TS-11430,Tom Stivers,Consumer
LS-17245,Lynn Smith,Corporate
SF-20200,Sarah Foster,Consumer
CM-11815,Candace McMahon,Consumer
FG-14260,Frank Gastineau,Corporate
KN-6705,Kristina Nunn,Consumer
TB-11520,Tracy Blumstein,Home Office
JB-15400,Jennifer Braxton,Consumer
KH-16510,Keith Herrera,Consumer
DL-13330,Denise Leinenbach,Consumer
KN-16390,Katherine Nockton,Corporate
SV-20935,Susan Vittorini,Corporate
MD-17860,Michael Dominguez,Consumer
LS-17200,Luke Schmidt,Consumer
CM-12445,Chuck Magee,Consumer
SS-20140,Saphhira Shifley,Corporate
GH-14425,Gary Hwang,Home Office
SM-20320,Sean Miller,Corporate
GR-14560,Georgia Rosenberg,Corporate
TS-21370,Todd Sumrall,Home Office
DH-3675,Duane Huffman,Home Office
MM-8280,Muhammed MacIntyre,Consumer
PM-9135,Peter McVee,Corporate
GP-4740,Guy Phonely,Consumer
AF-10870,Art Ferguson,Home Office
TS-21505,Tony Sayre,Consumer
BM-11575,Brendan Murry,Consumer
AH-10030,Aaron Hawkins,Corporate
AG-10495,Andrew Gjertsen,Home Office
AG-675,Anna Gayman,Corporate
SW-20755,Steven Ward,Corporate
SK-19990,Sally Knutson,Home Office
AG-10900,Arthur Gainer,Home Office
AJ-960,Astrea Jones,Consumer
MC-7275,Marc Crier,Home Office
ER-13855,Elpida Rittenbach,Home Office
EJ-13720,Ed Jacobs,Home Office
DH-13675,Duane Huffman,Consumer
HE-14800,Harold Engle,Consumer
KT-16480,Kean Thornton,Corporate
SB-20170,Sarah Bern,Consumer
EM-14140,Eugene Moren,Corporate
VT-21700,Valerie Takahito,Consumer
JS-15880,John Stevenson,Consumer
BC-11125,Becky Castell,Corporate
NF-18595,Nicole Fjeld,Consumer
RH-9600,Rob Haberlin,Consumer
CS-11950,Carlos Soltero,Consumer
CM-12235,Chris McAfee,Consumer
LW-16825,Laurel Workman,Consumer
RD-19585,Rob Dowd,Consumer
BT-11680,Brian Thompson,Corporate
MD-7860,Michael Dominguez,Consumer
CC-12145,Charles Crestani,Corporate
XP-21865,Xylona Preis,Consumer
ML-17410,Maris LaWare,Corporate
BS-11665,Brian Stugart,Corporate
SC-20230,Scot Coram,Home Office
QJ-19255,Quincy Jones,Corporate
RE-19450,Richard Eichhorn,Consumer
CP-2085,Cathy Prescott,Consumer
JK-5730,Joe Kamberova,Corporate
HZ-14950,Henia Zydlo,Corporate
AR-10570,Anemone Ratner,Consumer
EH-14005,Erica Hernandez,Corporate
JR-15700,Jocasta Rupert,Home Office
PL-18925,Paul Lucas,Consumer
TC-21145,Theresa Coyne,Corporate
DG-13300,Deirdre Greer,Corporate
Dl-13600,Dorris liebe,Consumer
NC-18415,Nathan Cano,Home Office
EB-13930,Eric Barreto,Corporate
CP-12085,Cathy Prescott,Consumer
SM-20005,Sally Matthias,Consumer
JR-15670,Jim Radford,Home Office
DL-12925,Daniel Lacy,Home Office
FM-14290,Frank Merwin,Consumer
DP-13165,David Philippe,Corporate
CK-12595,Clytie Kelty,Consumer
CM-11830,Cari MacIntyre,Home Office
PP-18955,Paul Prost,Consumer
MM-17260,Magdelene Morse,Corporate
ME-17320,Maria Etezadi,Corporate
CS-12490,Cindy Schnelling,Corporate
GH-14410,Gary Hansen,Consumer
MC-17635,Matthew Clasen,Consumer
LM-7065,Liz MacKendrick,Home Office
AR-10510,Andrew Roberts,Consumer
JH-15910,Jonathan Howell,Consumer
DK-3375,Dennis Kane,Home Office
EG-13900,Emily Grady,Corporate
AS-10630,Ann Steele,Consumer
CL-11890,Carl Ludwig,Corporate
CA-12265,Christina Anderson,Consumer
PF-19165,Philip Fox,Corporate
DB-12970,Darren Budd,Consumer
CL-12565,Clay Ludtke,Home Office
MF-17665,Maureen Fritzler,Home Office
IM-15055,Ionia McGrath,Corporate
EB-13975,Erica Bern,Consumer
AA-10315,Alex Avila,Consumer
MV-17485,Mark Van Huff,Consumer
JW-15955,Joni Wasserman,Home Office
TS-21610,Troy Staebel,Home Office
MC-17575,Matt Collins,Consumer
JF-5415,Jennifer Ferguson,Corporate
AH-10210,Alan Hwang,Home Office
KD-16345,Katherine Ducich,Home Office
PG-18895,Paul Gonzalez,Consumer
HK-14890,Heather Kirkland,Consumer
RR-19315,Ralph Ritter,Home Office
HH-5010,Hilary Holden,Corporate
SH-20635,Stefanie Holloman,Consumer
AR-10825,Anthony Rawles,Consumer
RP-9855,Roy Phan,Consumer
LR-17035,Lisa Ryan,Consumer
IM-5055,Ionia McGrath,Consumer
CK-12325,Christine Kargatis,Consumer
AS-285,Alejandro Savely,Consumer
DK-12985,Darren Koutras,Corporate
EH-4185,Evan Henry,Consumer
ML-17395,Marina Lichtenstein,Corporate
BF-11215,Benjamin Farhat,Corporate
MB-7305,Maria Bertelson,Consumer
CR-12580,Clay Rozendal,Consumer
TB-21520,Tracy Blumstein,Consumer
KN-16450,Kean Nguyen,Corporate
HR-14770,Hallie Redmond,Corporate
CK-12760,Cyma Kinney,Corporate
RO-9780,Rose O'Brian,Consumer
EN-13780,Edward Nazzal,Consumer
AH-10465,Amy Hunt,Home Office
AH-10585,Angele Hood,Consumer
RB-9435,Richard Bierner,Corporate
AG-525,Andy Gerbode,Corporate
AR-10345,Alex Russell,Home Office
MW-8220,Mitch Webber,Corporate
AH-210,Alan Hwang,Consumer
TH-21235,Tiffany House,Home Office
LT-7110,Liz Thompson,Consumer
HD-14785,Harold Dahlen,Consumer
MC-7575,Matt Collins,Consumer
MH-18025,Michelle Huthwaite,Consumer
CC-2475,Cindy Chapman,Corporate
CM-12190,Charlotte Melton,Consumer
RA-19915,Russell Applegate,Consumer
MT-18070,Michelle Tran,Consumer
JF-15415,Jennifer Ferguson,Corporate
ES-14020,Erica Smith,Corporate
CC-12685,Craig Carroll,Corporate
IM-15070,Irene Maddox,Corporate
DA-13450,Dianna Arnett,Corporate
SS-10410,Shahid Shariari,Corporate
BM-11650,Brian Moss,Consumer
SW-20350,Sean Wendt,Corporate
CM-1830,Cari MacIntyre,Consumer
MY-17380,Maribeth Yedwab,Consumer
MS-7830,Melanie Seite,Home Office
HG-14965,Henry Goldwyn,Consumer
DC-13285,Debra Catini,Consumer
DL-13315,Delfina Latchford,Consumer
JK-15370,Jay Kimmel,Consumer
CH-2070,Cathy Hwang,Corporate
MH-7440,Mark Haberlin,Consumer
MC-17845,Michael Chen,Consumer
PW-19030,Pauline Webber,Consumer
BS-11590,Brendan Sweed,Corporate
DO-13435,Denny Ordway,Home Office
SG-20890,Susan Gilcrest,Home Office
SU-20665,Stephanie Ulpright,Corporate
JC-16105,Julie Creighton,Consumer
TB-21190,Thomas Brumley,Consumer
SV-10785,Stewart Visinsky,Home Office
VP-21760,Victoria Pisteka,Home Office
LR-16915,Lena Radford,Consumer
TH-21550,Tracy Hopkins,Home Office
TC-11145,Theresa Coyne,Home Office
JL-15235,Janet Lee,Home Office
RK-19300,Ralph Kennedy,Consumer
CC-12670,Craig Carreira,Consumer
DB-13555,Dorothy Badders,Consumer
SG-20605,Speros Goranitis,Corporate
MG-17890,Michael Granlund,Consumer
MA-17560,Matt Abelman,Corporate
CB-12025,Cassandra Brandow,Consumer
DH-13075,Dave Hallsten,Consumer
BT-11395,Bill Tyler,Consumer
TT-11265,Tim Taslimi,Consumer
TH-11235,Tiffany House,Consumer
VG-21790,Vivek Gonzalez,Corporate
NW-18400,Natalie Webber,Corporate
VP-21730,Victor Preis,Consumer
SS-20410,Shahid Shariari,Consumer
JE-15715,Joe Elijah,Consumer
AG-270,Alejandro Grove,Corporate
BW-11200,Ben Wallace,Consumer
EK-13795,Eileen Kiefer,Corporate
SG-20080,Sandra Glassco,Consumer
SC-10725,Steven Cartwright,Consumer
AG-10525,Andy Gerbode,Home Office
MG-18145,Mike Gockenbach,Corporate
BD-11605,Brian Dahlen,Corporate
PB-19105,Peter Bühler,Corporate
SC-20575,Sonia Cooley,Consumer
DO-3435,Denny Ordway,Corporate
CC-12220,Chris Cortes,Consumer
TS-21430,Tom Stivers,Consumer
AZ-10750,Annie Zypern,Consumer
IG-15085,Ivan Gibson,Home Office
SP-20860,Sung Pak,Consumer
KM-16225,Kalyca Meade,Home Office
KM-6720,Kunst Miller,Corporate
MM-18055,Michelle Moray,Corporate
RB-19360,Raymond Buch,Corporate
NC-8415,Nathan Cano,Corporate
SN-20710,Steve Nguyen,Consumer
DL-3330,Denise Leinenbach,Consumer
JG-15115,Jack Garza,Consumer
CJ-11875,Carl Jackson,Corporate
AY-10555,Andy Yotov,Consumer
BV-11245,Benjamin Venier,Corporate
PO-9195,Phillina Ober,Consumer
GZ-4545,George Zrebassa,Consumer
PN-18775,Parhena Norris,Consumer
SC-20800,Stuart Calhoun,Consumer
AC-10615,Ann Chong,Home Office
VB-21745,Victoria Brennan,Consumer
TT-11460,Tonja Turnell,Consumer
AC-10420,Alyssa Crouse,Home Office
CG-12040,Catherine Glotzbach,Consumer
TR-11325,Toby Ritter,Corporate
SC-20440,Shaun Chance,Home Office
BT-11305,Beth Thompson,Consumer
JB-15925,Joni Blumstein,Consumer
GW-14605,Giulietta Weimer,Home Office
SC-20725,Steven Cartwright,Corporate
EH-13765,Edward Hooks,Home Office
YS-21880,Yana Sorensen,Home Office
FO-14305,Frank Olsen,Corporate
RP-19855,Roy Phan,Home Office
AB-10600,Ann Blume,Consumer
KB-16240,Karen Bern,Consumer
KA-16525,Kelly Andreada,Consumer
EM-3960,Eric Murdock,Home Office
JD-15790,John Dryer,Corporate
JL-15850,John Lucas,Corporate
JW-16075,Julia West,Consumer
LL-6840,Lauren Leatherbury,Consumer
TH-21100,Thea Hendricks,Consumer
MC-17275,Marc Crier,Home Office
NG-8430,Nathan Gelder,Consumer
KD-16615,Ken Dana,Consumer
MC-17605,Matt Connell,Consumer
JK-15625,Jim Karlsson,Consumer
TS-11505,Tony Sayre,Corporate
LD-6855,Lela Donovan,Consumer
LP-17080,Liz Pelletier,Home Office
CV-12805,Cynthia Voltz,Consumer
MO-17500,Mary O'Rourke,Consumer
MS-17530,MaryBeth Skach,Consumer
GA-14515,George Ashbrook,Corporate
CS-12355,Christine Sundaresam,Home Office
GM-14500,Gene McClure,Consumer
CC-2670,Craig Carreira,Consumer
MN-17935,Michael Nguyen,Home Office
JM-16195,Justin MacKendrick,Consumer
DB-13615,Doug Bickford,Home Office
PK-18910,Paul Knutson,Corporate
LS-16945,Linda Southworth,Consumer
JK-15730,Joe Kamberova,Consumer
SW-10275,Scott Williamson,Corporate
MC-18100,Mick Crebagga,Consumer
EH-13945,Eric Hoffmann,Consumer
LC-16930,Linda Cazamias,Consumer
MA-17995,Michelle Arnett,Consumer
SP-20650,Stephanie Phelps,Corporate
JH-15430,Jennifer Halladay,Corporate
ML-17755,Max Ludwig,Consumer
PC-18745,Pamela Coakley,Corporate
KE-16420,Katrina Edelman,Consumer
EM-4200,Evan Minnotte,Consumer
DW-13480,Dianna Wilson,Corporate
SC-10680,Steve Carroll,Home Office
JG-15805,John Grady,Consumer
LL-16840,Lauren Leatherbury,Consumer
PV-8985,Paul Van Hugh,Consumer
PO-19180,Philisse Overcash,Home Office
SH-19975,Sally Hughsby,Home Office
GA-14725,Guy Armstrong,Corporate
GT-4755,Guy Thornton,Consumer
PR-18880,Patrick Ryan,Consumer
AG-10765,Anthony Garverick,Consumer
SE-20110,Sanjit Engle,Consumer
JB-16045,Julia Barnett,Consumer
JM-5580,Jill Matthias,Consumer
JO-15280,Jas O'Carroll,Corporate
LP-17095,Liz Preis,Corporate
EJ-14155,Eva Jacobs,Consumer
VW-21775,Victoria Wilson,Consumer
GM-14455,Gary Mitchum,Corporate
BF-1080,Bart Folk,Corporate
SM-20905,Susan MacKendrick,Consumer
BO-1425,Bobby Odegard,Corporate
AW-10930,Arthur Wiediger,Consumer
JP-15460,Jennifer Patt,Corporate
AS-10240,Alan Shonely,Consumer
TB-11625,Trudy Brown,Corporate
JP-5520,Jeremy Pistek,Corporate
BD-11770,Bryan Davis,Home Office
BD-11635,Brian Derr,Consumer
CC-2370,Christopher Conant,Consumer
PO-8850,Patrick O'Brill,Corporate
TZ-21445,Tom Zandusky,Home Office
RB-19435,Richard Bierner,Corporate
JE-15475,Jeremy Ellison,Consumer
AI-10855,Arianne Irving,Home Office
MH-17440,Mark Haberlin,Corporate
JE-6165,Justin Ellison,Consumer
DS-13180,David Smith,Corporate
AC-10660,Anna Chung,Home Office
MH-17455,Mark Hamilton,Consumer
CC-12430,Chuck Clark,Home Office
NG-18355,Nat Gilpin,Consumer
RC-19825,Roy Collins,Corporate
JD-16015,Joy Daniels,Home Office
JH-5910,Jonathan Howell,Corporate
SC-10695,Steve Chapman,Corporate
RD-9930,Russell D'Ascenzo,Consumer
LC-6930,Linda Cazamias,Corporate
DW-13195,David Wiener,Consumer
RD-19900,Ruben Dartt,Corporate
MV-18190,Mike Vittorini,Consumer
RD-19480,Rick Duston,Consumer
SV-20365,Seth Vernon,Home Office
LS-17230,Lycoris Saunders,Consumer
GD-14590,Giulietta Dortch,Consumer
EB-13750,Edward Becker,Consumer
KH-6360,Katherine Hughes,Corporate
BF-11275,Beth Fritzler,Consumer
NG-18430,Nathan Gelder,Corporate
Co-12640,Corey-Lock,Corporate
SF-20965,Sylvia Foulston,Consumer
KB-16405,Katrina Bavinger,Corporate
LC-16870,Lena Cacioppo,Corporate
JL-15505,Jeremy Lonsdale,Consumer
BD-11725,Bruce Degenhardt,Consumer
TM-21010,Tamara Manning,Home Office
AB-150,Aimee Bixby,Consumer
BW-11065,Barry Weirich,Corporate
FM-14380,Fred McMath,Corporate
PC-8745,Pamela Coakley,Home Office
BN-1470,Brad Norvell,Consumer
AH-10120,Adrian Hane,Corporate
LF-17185,Luke Foster,Home Office
DJ-13630,Doug Jacobs,Corporate
SJ-20125,Sanjit Jacobs,Home Office
ML-18265,Muhammed Lee,Consumer
SF-10965,Sylvia Foulston,Consumer
PO-8865,Patrick O'Donnell,Home Office
MH-17290,Marc Harrigan,Consumer
NR-18550,Nick Radford,Consumer
MK-17905,Michael Kennedy,Home Office
DB-13660,Duane Benoit,Corporate
PH-18790,Patricia Hirasaki,Consumer
AB-10165,Alan Barnes,Consumer
CA-12055,Cathy Armstrong,Home Office
JF-5295,Jason Fortune-,Consumer
KT-16465,Kean Takahito,Corporate
RB-9705,Roger Barcio,Consumer
BD-1725,Bruce Degenhardt,Corporate
EB-13705,Ed Braxton,Consumer
MG-17875,Michael Grace,Consumer
MG-17650,Matthew Grinstein,Consumer
AG-10270,Alejandro Grove,Consumer
NP-8685,Nora Pelletier,Home Office
AS-630,Ann Steele,Consumer
SC-20680,Steve Carroll,Home Office
MC-17590,Matt Collister,Consumer
TP-11415,Tom Prescott,Home Office
HH-15010,Hilary Holden,Corporate
BT-11485,Brad Thomas,Home Office
EB-13870,Emily Burns,Corporate
JP-15520,Jeremy Pistek,Consumer
CM-2115,Chad McGuire,Corporate
EA-14035,Erin Ashbrook,Consumer
FH-14350,Fred Harton,Home Office
BS-1800,Bryan Spruell,Consumer
AA-10375,Allen Armold,Consumer
BN-11515,Bradley Nguyen,Home Office
EG-3900,Emily Grady,Home Office
RE-19405,Ricardo Emerson,Consumer
ND-18460,Neil Ducich,Consumer
TT-21460,Tonja Turnell,Corporate
ML-18040,Michelle Lonsdale,Consumer
JL-5505,Jeremy Lonsdale,Corporate
SP-20545,Sibella Parks,Home Office
SF-10065,Sandra Flanagan,Corporate
AS-10045,Aaron Smayling,Home Office
TT-11220,Thomas Thornton,Corporate
AH-10195,Alan Haines,Corporate
KH-6630,Ken Heidel,Home Office
AA-10645,Anna Andreadi,Consumer
JL-15130,Jack Lebron,Corporate
KM-6375,Katherine Murray,Consumer
LS-16975,Lindsay Shagiari,Corporate
KL-16645,Ken Lonsdale,Corporate
EH-14185,Evan Henry,Home Office
KW-6570,Kelly Williams,Consumer
DB-3060,Dave Brooks,Consumer
FA-14230,Frank Atkinson,Corporate
JF-15565,Jill Fjeld,Consumer
LO-7170,Lori Olson,Consumer
KB-6315,Karl Braun,Corporate
BS-11755,Bruce Stewart,Home Office
RB-19465,Rick Bensley,Consumer
HF-14995,Herbert Flentye,Consumer
MP-17965,Michael Paige,Corporate
JJ-15445,Jennifer Jackson,Consumer
LC-17140,Logan Currie,Corporate
TT-11070,Ted Trevino,Corporate
BF-11020,Barry Französisch,Corporate
ES-14080,Erin Smith,Consumer
FC-14335,Fred Chung,Consumer
TS-21160,Theresa Swint,Corporate
RE-9450,Richard Eichhorn,Home Office
JC-15340,Jasper Cacioppo,Corporate
MH-17785,Maya Herman,Corporate
RF-19840,Roy Französisch,Home Office
PG-18820,Patrick Gardner,Consumer
DO-13645,Doug O'Connell,Consumer
SC-10305,Sean Christensen,Consumer
TN-21040,Tanja Norvell,Corporate
DR-12880,Dan Reichenbach,Consumer
EB-3975,Erica Bern,Corporate
NS-8505,Neola Schneider,Consumer
SF-20065,Sandra Flanagan,Corporate
RA-19285,Ralph Arnett,Consumer
LT-17110,Liz Thompson,Corporate
BF-11170,Ben Ferrer,Corporate
AR-825,Anthony Rawles,Home Office
SD-20485,Shirley Daniels,Home Office
GW-4605,Giulietta Weimer,Consumer
DB-13120,David Bremer,Corporate
JC-5775,John Castell,Consumer
ND-8460,Neil Ducich,Corporate
TC-11295,Toby Carlisle,Consumer
DM-2955,Dario Medina,Consumer
PJ-9015,Pauline Johnson,Corporate
JH-5820,John Huston,Corporate
ME-18010,Michelle Ellison,Consumer
AH-10690,Anna Häberlin,Consumer
RD-19660,Robert Dilbeck,Consumer
CD-1980,Carol Darley,Corporate
CL-2565,Clay Ludtke,Home Office
MO-7800,Meg O'Connel,Home Office
CR-2580,Clay Rozendal,Consumer
TC-10980,Tamara Chand,Consumer
RD-9900,Ruben Dartt,Consumer
CS-12250,Chris Selesnick,Consumer
CH-12070,Cathy Hwang,Home Office
JF-15355,Jay Fein,Consumer
AS-135,Adrian Shami,Corporate
SP-20620,Stefania Perrino,Corporate
EC-14050,Erin Creighton,Consumer
IG-5085,Ivan Gibson,Consumer
TB-21355,Todd Boyes,Corporate
MH-17620,Matt Hagelstein,Consumer
GT-14755,Guy Thornton,Corporate
DF-13135,David Flashing,Corporate
AS-240,Alan Shonely,Consumer
PG-8820,Patrick Gardner,Consumer
JS-6030,Joy Smith,Consumer
SS-20590,Sonia Sunley,Consumer
CS-2490,Cindy Schnelling,Consumer
CM-2715,Craig Molinari,Consumer
BM-1140,Becky Martin,Corporate
RD-19720,Roger Demir,Home Office
LD-17005,Lisa DeCherney,Consumer
EB-3705,Ed Braxton,Consumer
RH-19555,Ritsa Hightower,Consumer
JP-6135,Julie Prescott,Consumer
PB-9210,Phillip Breyer,Consumer
LC-16960,Lindsay Castell,Consumer
JC-15385,Jenna Caffey,Corporate
IL-15100,Ivan Liston,Home Office
SW-10245,Scot Wooten,Consumer
CP-2340,Christine Phan,Consumer
NS-18640,Noel Staavos,Home Office
TR-21325,Toby Ritter,Consumer
NF-8385,Natalie Fritzler,Consumer
TZ-21580,Tracy Zic,Corporate
TB-11055,Ted Butterfield,Consumer
AJ-10795,Anthony Johnson,Corporate
GH-14485,Gene Hale,Home Office
AG-10300,Aleksandra Gannaway,Consumer
EH-3945,Eric Hoffmann,Consumer
JD-6150,Justin Deggeller,Consumer
KH-16360,Katherine Hughes,Consumer
JB-6045,Julia Barnett,Consumer
AH-585,Angele Hood,Home Office
MS-7530,MaryBeth Skach,Corporate
HA-14905,Helen Abelman,Consumer
JG-15310,Jason Gross,Consumer
CD-1920,Carlos Daly,Consumer
TC-21535,Tracy Collins,Corporate
PB-9105,Peter Bühler,Consumer
AR-10405,Allen Rosenblatt,Consumer
NK-18490,Neil Knudson,Consumer
MG-7695,Maureen Gnade,Consumer
AJ-10945,Ashley Jarboe,Consumer
RS-19420,Ricardo Sperren,Corporate
SC-20770,Stewart Carmichael,Home Office
LM-17065,Liz MacKendrick,Consumer
DP-13000,Darren Powers,Home Office
RD-9660,Robert Dilbeck,Consumer
LB-16735,Larry Blacks,Corporate
MZ-17515,Mary Zewe,Consumer
ER-3855,Elpida Rittenbach,Corporate
MS-17710,Maurice Satty,Corporate
LC-6960,Lindsay Castell,Corporate
GZ-14545,George Zrebassa,Consumer
JK-5625,Jim Karlsson,Consumer
JJ-15760,Joel Jenkins,Consumer
CA-2265,Christina Anderson,Corporate
CC-2220,Chris Cortes,Consumer
KL-6555,Kelly Lampkin,Consumer
CS-2175,Charles Sheldon,Consumer
KL-16555,Kelly Lampkin,Consumer
RD-9810,Ross DeVincentis,Corporate
AJ-945,Ashley Jarboe,Corporate
CC-2685,Craig Carroll,Home Office
LO-17170,Lori Olson,Consumer
DE-13255,Deanra Eno,Corporate
RF-9345,Randy Ferguson,Consumer
SC-20020,Sam Craven,Corporate
DW-13585,Dorothy Wardle,Corporate
EM-4065,Erin Mull,Corporate
TD-20995,Tamara Dahlen,Home Office
BD-11320,Bill Donatelli,Consumer
CW-11905,Carl Weiss,Consumer
CK-2325,Christine Kargatis,Corporate
BP-11095,Bart Pistole,Corporate
DV-3465,Dianna Vittorini,Consumer
MY-7380,Maribeth Yedwab,Corporate
PB-9150,Philip Brown,Corporate
AG-10390,Allen Goldenen,Consumer
KW-16570,Kelly Williams,Home Office
JF-5190,Jamie Frazer,Corporate
GB-14575,Giulietta Baptist,Corporate
MR-7545,Mathew Reese,Home Office
MO-17950,Michael Oakman,Corporate
TA-11385,Tom Ashbrook,Home Office
JM-5655,Jim Mitchum,Corporate
JS-5880,John Stevenson,Consumer
HP-14815,Harold Pawlan,Corporate
CS-12400,Christopher Schild,Consumer
DE-3255,Deanra Eno,Consumer
JD-6015,Joy Daniels,Consumer
CR-2730,Craig Reiter,Home Office
RC-9960,Ryan Crowe,Corporate
AO-10810,Anthony O'Donnell,Home Office
TB-11250,Tim Brockman,Consumer
RA-9285,Ralph Arnett,Consumer
MG-8205,Mitch Gastineau,Corporate
MY-8295,Muhammed Yedwab,Corporate
SR-20425,Sharelle Roach,Corporate
BT-1530,Bradley Talbott,Consumer
LS-7245,Lynn Smith,Corporate
AB-10255,Alejandro Ballentine,Consumer
TH-21115,Thea Hudgings,Consumer
LC-6885,Lena Creighton,Home Office
AC-660,Anna Chung,Consumer
EM-14095,Eudokia Martin,Corporate
BO-11350,Bill Overfelt,Corporate
DM-3015,Darrin Martin,Home Office
DD-13570,Dorothy Dickinson,Corporate
KN-16705,Kristina Nunn,Home Office
HM-14980,Henry MacAllister,Consumer
FM-4215,Filia McAdams,Corporate
JO-15145,Jack O'Briant,Corporate
TC-11535,Tracy Collins,Consumer
JK-15205,Jamie Kunitz,Home Office
DA-3450,Dianna Arnett,Consumer
DB-12910,Daniel Byrd,Home Office
EH-4005,Erica Hernandez,Consumer
DN-13690,Duane Noonan,Corporate
AS-10135,Adrian Shami,Consumer
MC-18130,Mike Caudle,Consumer
MM-18280,Muhammed MacIntyre,Home Office
RL-9615,Rob Lucas,Consumer
MA-7560,Matt Abelman,Corporate
HG-4845,Harry Greene,Consumer
PB-8805,Patrick Bzostek,Consumer
RW-19630,Rob Williams,Consumer
BT-11440,Bobby Trafton,Corporate
JC-5385,Jenna Caffey,Corporate
HR-4770,Hallie Redmond,Home Office
DB-3615,Doug Bickford,Consumer
JK-6120,Julie Kriz,Consumer
SW-20455,Shaun Weien,Consumer
GH-4425,Gary Hwang,Home Office
GB-4575,Giulietta Baptist,Consumer
PA-19060,Pete Armstrong,Consumer
CA-2775,Cynthia Arntzen,Consumer
CV-12295,Christina VanderZanden,Corporate
PO-9180,Philisse Overcash,Corporate
NC-18535,Nick Crebassa,Corporate
GZ-4470,Gary Zandusky,Consumer
AM-360,Alice McCarthy,Corporate
AA-480,Andrew Allen,Consumer
TB-21595,Troy Blackwell,Consumer
KH-16630,Ken Heidel,Consumer
TS-21655,Trudy Schmidt,Corporate
CD-11980,Carol Darley,Corporate
DB-13360,Dennis Bolton,Home Office
SK-9990,Sally Knutson,Home Office
PT-19090,Pete Takahito,Consumer
EH-13990,Erica Hackney,Consumer
ME-17725,Max Engle,Consumer
ZD-21925,Zuschuss Donatelli,Consumer
MW-8235,Mitch Willingham,Consumer
BP-11050,Barry Pond,Corporate
RC-19960,Ryan Crowe,Corporate
PN-8775,Parhena Norris,Consumer
CB-12535,Claudia Bergmann,Corporate
LR-7035,Lisa Ryan,Consumer
JG-5160,James Galang,Consumer
SC-10845,Sung Chung,Home Office
DK-13225,Dean Katz,Consumer
CG-2520,Claire Gute,Corporate
RS-19870,Roy Skaria,Corporate
DK-2835,Damala Kotsonis,Corporate
CM-2385,Christopher Martinez,Consumer
JE-5745,Joel Eaton,Consumer
CA-1965,Carol Adams,Consumer
Dl-3600,Dorris liebe,Consumer
DL-2865,Dan Lawera,Consumer
CM-2445,Chuck Magee,Consumer
DB-13270,Deborah Brumfield,Consumer
EB-4110,Eugene Barchas,Consumer
BD-11620,Brian DeCherney,Corporate
MN-7935,Michael Nguyen,Corporate
DB-2910,Daniel Byrd,Consumer
LH-7155,Logan Haushalter,Consumer
JS-5940,Joni Sundaresam,Consumer
GH-4410,Gary Hansen,Consumer
SC-10380,Shahid Collister,Corporate
SL-10155,Sara Luxemburg,Home Office
EK-3795,Eileen Kiefer,Corporate
PH-8790,Patricia Hirasaki,Consumer
HD-4785,Harold Dahlen,Consumer
CM-2190,Charlotte Melton,Consumer
AR-570,Anemone Ratner,Corporate
BT-1305,Beth Thompson,Consumer
MH-7785,Maya Herman,Consumer
SC-10260,Scott Cohen,Home Office
LW-7125,Liz Willingham,Corporate
SM-10905,Susan MacKendrick,Corporate
TT-21265,Tim Taslimi,Corporate
EJ-3720,Ed Jacobs,Corporate
RS-9765,Roland Schwarz,Corporate
EM-4095,Eudokia Martin,Consumer
AJ-10960,Astrea Jones,Consumer
BD-1770,Bryan Davis,Consumer
BE-1410,Bobby Elias,Consumer
KC-6255,Karen Carlisle,Consumer
DV-3045,Darrin Van Huff,Corporate
JD-5895,Jonathan Doherty,Consumer
JM-5865,John Murray,Consumer
JK-5205,Jamie Kunitz,Consumer
CL-2700,Craig Leslie,Consumer
GG-4650,Greg Guthrie,Consumer
LS-6945,Linda Southworth,Consumer
JL-5850,John Lucas,Consumer
VP-11760,Victoria Pisteka,Corporate
NF-8595,Nicole Fjeld,Corporate
LE-16810,Laurel Elliston,Consumer
JJ-5445,Jennifer Jackson,Corporate
CS-2130,Chad Sievert,Home Office
BM-1575,Brendan Murry,Consumer
AC-615,Ann Chong,Consumer
HG-5025,Hunter Glantz,Corporate
TB-11400,Tom Boeckenhauer,Consumer
RB-9330,Randy Bradley,Home Office
JP-5460,Jennifer Patt,Corporate
JL-5175,James Lanier,Corporate
AA-315,Alex Avila,Consumer
TS-11370,Todd Sumrall,Home Office
SS-10140,Saphhira Shifley,Corporate
DP-3000,Darren Powers,Home Office
JS-5685,Jim Sink,Consumer
PW-19240,Pierre Wener,Consumer
NW-8400,Natalie Webber,Consumer
TS-11340,Toby Swindell,Corporate
JH-5985,Joseph Holt,Consumer
NG-8355,Nat Gilpin,Consumer
FP-14320,Frank Preis,Consumer
SH-20395,Shahid Hopkins,Consumer
JP-16135,Julie Prescott,Home Office
JM-5250,Janet Martin,Home Office
MA-7995,Michelle Arnett,Corporate
DR-2940,Daniel Raglin,Consumer
BF-1020,Barry Französisch,Consumer
CS-2400,Christopher Schild,Consumer
JM-15535,Jessica Myrick,Consumer
JS-15940,Joni Sundaresam,Consumer
AF-870,Art Ferguson,Corporate
NP-8670,Nora Paige,Consumer
SU-10665,Stephanie Ulpright,Consumer
RD-9585,Rob Dowd,Home Office
TP-21565,Tracy Poddar,Consumer
LA-6780,Laura Armstrong,Consumer
LH-7020,Lisa Hazard,Consumer
JE-5475,Jeremy Ellison,Consumer
ES-4080,Erin Smith,Corporate
EM-4140,Eugene Moren,Corporate
DS-13030,Darrin Sayre,Corporate
ZD-11925,Zuschuss Donatelli,Consumer
JO-5550,Jesus Ocampo,Home Office
TB-11595,Troy Blackwell,Home Office
GM-4500,Gene McClure,Home Office
DD-3570,Dorothy Dickinson,Corporate
FH-4365,Fred Hopkins,Consumer
MK-18160,Mike Kennedy,Corporate
NM-8445,Nathan Mautz,Consumer
JF-5355,Jay Fein,Consumer
BF-975,Barbara Fisher,Consumer
SS-20875,Sung Shariari,Consumer
PF-9165,Philip Fox,Consumer
SV-10365,Seth Vernon,Consumer
BB-10990,Barry Blumstein,Home Office
PW-9240,Pierre Wener,Home Office
JF-15490,Jeremy Farry,Corporate
CW-1905,Carl Weiss,Consumer
LC-7140,Logan Currie,Consumer
HK-4890,Heather Kirkland,Corporate
BT-1440,Bobby Trafton,Home Office
RD-19810,Ross DeVincentis,Home Office
KL-6645,Ken Lonsdale,Home Office
VG-11805,Vivek Grady,Consumer
PF-9225,Phillip Flathmann,Corporate
AB-15,Aaron Bergman,Consumer
LW-6990,Lindsay Williams,Home Office
PS-8970,Paul Stevenson,Home Office
LW-17125,Liz Willingham,Home Office
MC-7590,Matt Collister,Corporate
JO-15550,Jesus Ocampo,Corporate
SJ-10125,Sanjit Jacobs,Corporate
SS-20515,Shirley Schmidt,Consumer
RB-19645,Robert Barroso,Consumer
BP-1050,Barry Pond,Consumer
PG-8895,Paul Gonzalez,Consumer
RM-19750,Roland Murray,Consumer
KM-6225,Kalyca Meade,Consumer
AH-120,Adrian Hane,Consumer
BM-1785,Bryan Mills,Consumer
NR-8550,Nick Radford,Consumer
EB-14170,Evan Bailliet,Consumer
PB-19150,Philip Brown,Consumer
TP-11130,Theone Pippenger,Corporate
KN-6450,Kean Nguyen,Consumer
RD-9720,Roger Demir,Home Office
RS-9870,Roy Skaria,Consumer
EB-3840,Ellis Ballard,Corporate
TC-21475,Tony Chapman,Consumer
BH-1710,Brosina Hoffman,Consumer
MH-7620,Matt Hagelstein,Home Office
PT-9090,Pete Takahito,Home Office
DC-2850,Dan Campbell,Corporate
AG-900,Arthur Gainer,Consumer
DC-12850,Dan Campbell,Consumer
JF-5565,Jill Fjeld,Corporate
SR-10740,Steven Roelle,Consumer
MK-7905,Michael Kennedy,Consumer
JK-5370,Jay Kimmel,Home Office
GM-4680,Greg Matthias,Home Office
PC-9000,Pauline Chand,Corporate
DL-3315,Delfina Latchford,Home Office
JL-5235,Janet Lee,Consumer
BB-990,Barry Blumstein,Home Office
RP-9390,Resi Pölking,Consumer
ES-4020,Erica Smith,Corporate
MH-7455,Mark Hamilton,Consumer
JD-5790,John Dryer,Consumer
DB-3270,Deborah Brumfield,Consumer
PK-9075,Pete Kriz,Corporate
NM-8520,Neoma Murray,Consumer
MO-7500,Mary O'Rourke,Consumer
SG-10890,Susan Gilcrest,Consumer
MF-8250,Monica Federle,Home Office
JG-5310,Jason Gross,Consumer
YS-11880,Yana Sorensen,Consumer
FC-4245,Frank Carlisle,Consumer
BW-1110,Bart Watters,Consumer
BS-1590,Brendan Sweed,Consumer
CS-2460,Chuck Sachs,Consumer
MH-7290,Marc Harrigan,Corporate
KE-6420,Katrina Edelman,Corporate
AJ-780,Anthony Jacobs,Consumer
MM-7920,Michael Moore,Home Office
ML-8265,Muhammed Lee,Corporate
RR-9315,Ralph Ritter,Consumer
JF-5490,Jeremy Farry,Consumer
AG-765,Anthony Garverick,Home Office
DS-3030,Darrin Sayre,Consumer
AH-75,Adam Hart,Corporate
NB-18580,Nicole Brennan,Corporate
KD-6270,Karen Daniels,Consumer
MJ-7740,Max Jones,Consumer
DM-3525,Don Miller,Consumer
GH-4665,Greg Hansen,Consumer
RM-9675,Robert Marley,Corporate
TS-11610,Troy Staebel,Consumer
PR-8880,Patrick Ryan,Corporate
HP-4815,Harold Pawlan,Consumer
EC-4050,Erin Creighton,Home Office
BF-1005,Barry Franz,Corporate
SC-10050,Sample Company A,Consumer
DM-3345,Denise Monton,Corporate
CD-2280,Christina DeMoss,Consumer
BP-1095,Bart Pistole,Consumer
TC-11475,Tony Chapman,Consumer
DW-3540,Don Weiss,Consumer
BE-1455,Brad Eason,Corporate
AH-195,Alan Haines,Consumer
DO-3645,Doug O'Connell,Corporate
CA-2055,Cathy Armstrong,Corporate
LP-7080,Liz Pelletier,Consumer
BN-1515,Bradley Nguyen,Consumer
NK-8490,Neil Knudson,Consumer
AR-510,Andrew Roberts,Consumer
VM-11835,Vivian Mathis,Corporate
TH-11115,Thea Hudgings,Consumer
AB-165,Alan Barnes,Consumer
LB-6735,Larry Blacks,Consumer
GA-4515,George Ashbrook,Corporate
DJ-3630,Doug Jacobs,Corporate
LT-6765,Larry Tron,Consumer
SG-10080,Sandra Glassco,Corporate
TB-11175,Thomas Boland,Corporate
AP-915,Arthur Prichep,Consumer
ON-8715,Odella Nelson,Corporate
SB-10290,Sean Braxton,Corporate
AJ-795,Anthony Johnson,Corporate
TP-11565,Tracy Poddar,Consumer
ML-8040,Michelle Lonsdale,Consumer
LC-6870,Lena Cacioppo,Home Office
AB-105,Adrian Barton,Corporate
AW-840,Anthony Witt,Corporate
JO-5280,Jas O'Carroll,Consumer
ME-7320,Maria Etezadi,Consumer
SW-10455,Shaun Weien,Home Office
LP-7095,Liz Preis,Corporate
DW-3195,David Wiener,Consumer
SC-10770,Stewart Carmichael,Consumer
HE-4800,Harold Engle,Home Office
DL-3495,Dionis Lloyd,Consumer
EJ-4155,Eva Jacobs,Consumer
JH-6180,Justin Hirsh,Consumer
DK-3150,David Kendrick,Corporate
XP-11865,Xylona Preis,Home Office
KT-6480,Kean Thornton,Consumer
MB-8085,Mick Brown,Corporate
AR-345,Alex Russell,Home Office
BD-1320,Bill Donatelli,Consumer
DP-3165,David Philippe,Consumer
KD-6495,Keith Dawkins,Corporate
CK-2595,Clytie Kelty,Corporate
SB-10170,Sarah Bern,Corporate
JJ-5760,Joel Jenkins,Consumer
GH-4485,Gene Hale,Consumer
DB-3555,Dorothy Badders,Corporate
LB-6795,Laurel Beltran,Corporate
KT-6465,Kean Takahito,Consumer
GA-4725,Guy Armstrong,Corporate
DK-3090,Dave Kipp,Consumer
SS-10590,Sonia Sunley,Consumer
SD-10485,Shirley Daniels,Corporate
TS-21085,Thais Sissman,Consumer
RA-9945,Ryan Akin,Consumer
JO-5145,Jack O'Briant,Home Office
LW-7215,Luke Weiss,Consumer
RB-9645,Robert Barroso,Consumer
MV-7485,Mark Van Huff,Corporate
BW-1200,Ben Wallace,Consumer
CC-2610,Corey Catlett,Consumer
BD-1560,Brendan Dodson,Consumer
CS-2505,Cindy Stewart,Consumer
VT-11700,Valerie Takahito,Consumer
MC-7845,Michael Chen,Corporate
KH-6690,Kristen Hastings,Corporate
VS-11820,Vivek Sundaresam,Corporate
NF-8475,Neil Französisch,Corporate
TB-11190,Thomas Brumley,Consumer
TS-11205,Thomas Seio,Home Office
TD-10995,Tamara Dahlen,Corporate
EB-3750,Edward Becker,Consumer
AH-690,Anna Häberlin,Consumer
TB-11280,Toby Braunhardt,Corporate
AM-705,Anne McFarland,Consumer
BD-1620,Brian DeCherney,Consumer
KF-6285,Karen Ferguson,Consumer
BE-1335,Bill Eplett,Corporate
HA-4905,Helen Abelman,Consumer
ND-8370,Natalie DeCherney,Corporate
AA-645,Anna Andreadi,Home Office
CC-2430,Chuck Clark,Corporate
PL-8925,Paul Lucas,Home Office
SO-10335,Sean O'Donnell,Consumer
AY-555,Andy Yotov,Consumer
JB-6000,Joy Bell-,Home Office
SN-10560,Skye Norling,Consumer
AH-465,Amy Hunt,Home Office
HW-4935,Helen Wasserman,Consumer
MC-7425,Mark Cousins,Corporate
BT-1680,Brian Thompson,Home Office
MG-7650,Matthew Grinstein,Consumer
CB-2415,Christy Brittain,Consumer
CK-2760,Cyma Kinney,Home Office
AG-330,Alex Grayson,Consumer
MK-8160,Mike Kennedy,Consumer
NC-8625,Noah Childs,Consumer
MO-7950,Michael Oakman,Corporate
HF-4995,Herbert Flentye,Corporate
SJ-10215,Sarah Jordon,Consumer
AO-810,Anthony O'Donnell,Consumer
RM-9375,Raymond Messe,Consumer
MM-8055,Michelle Moray,Corporate
DN-3690,Duane Noonan,Consumer
EB-3930,Eric Barreto,Corporate
NH-8610,Nicole Hansen,Corporate
EL-3735,Ed Ludwig,Consumer
PS-8760,Pamela Stobb,Consumer
ST-10530,Shui Tom,Corporate
RH-9510,Rick Huthwaite,Home Office
BD-1605,Brian Dahlen,Corporate
SC-10440,Shaun Chance,Corporate
CG-2040,Catherine Glotzbach,Corporate
TG-11310,Toby Gnade,Consumer
FO-4305,Frank Olsen,Consumer
CS-1950,Carlos Soltero,Home Office
LE-6810,Laurel Elliston,Consumer
DR-2880,Dan Reichenbach,Consumer
JR-5700,Jocasta Rupert,Corporate
MS-7710,Maurice Satty,Corporate
PM-8940,Paul MacIntyre,Consumer
AZ-750,Annie Zypern,Corporate
AA-375,Allen Armold,Consumer
FM-4290,Frank Merwin,Consumer
CR-2820,Cyra Reiten,Corporate
VB-11745,Victoria Brennan,Corporate
RH-19600,Rob Haberlin,Corporate
KH-6330,Katharine Harms,Corporate
ME-7725,Max Engle,Corporate
FA-4230,Frank Atkinson,Home Office
GM-4455,Gary Mitchum,Consumer
KH-6510,Keith Herrera,Consumer
CD-2790,Cynthia Delaney,Consumer
NB-8580,Nicole Brennan,Home Office
CS-2250,Chris Selesnick,Consumer
SP-10920,Susan Pistek,Consumer
TH-11100,Thea Hendricks,Consumer
DC-3285,Debra Catini,Consumer
CM-2655,Corinna Mitchell,Home Office
RF-9735,Roland Fjeld,Home Office
LH-6750,Larry Hughes,Consumer
JM-5265,Janet Molinari,Home Office
CS-1845,Cari Sayre,Corporate
CS-1860,Cari Schnelling,Home Office
BT-1485,Brad Thomas,Home Office
KB-6240,Karen Bern,Home Office
KB-6600,Ken Brennan,Consumer
LS-7230,Lycoris Saunders,Corporate
MS-7365,Maribeth Schnelling,Consumer
BG-1740,Bruce Geld,Corporate
HJ-4875,Heather Jas,Consumer
LR-6915,Lena Radford,Consumer
JW-6075,Julia West,Corporate
DJ-3420,Denny Joy,Corporate
SP-10650,Stephanie Phelps,Consumer
VM-21835,Vivian Mathis,Corporate
CM-1815,Candace McMahon,Consumer
MH-8025,Michelle Huthwaite,Corporate
RD-9480,Rick Duston,Consumer
PW-9030,Pauline Webber,Consumer
EB-4170,Evan Bailliet,Consumer
SM-10950,Suzanne McNair,Consumer
NP-8325,Naresj Patel,Consumer
MP-8175,Mike Pelletier,Home Office
CM-2160,Charles McCrossin,Home Office
NP-8700,Nora Preis,Consumer
BP-1185,Ben Peterman,Home Office
SW-10755,Steven Ward,Consumer
AC-450,Amy Cox,Home Office
SE-10110,Sanjit Engle,Home Office
BS-1365,Bill Shonely,Consumer
RM-9750,Roland Murray,Consumer
BT-1395,Bill Tyler,Consumer
BP-1155,Becky Pak,Home Office
GT-4635,Grant Thornton,Corporate
CM-1935,Carlos Meador,Corporate
RE-9405,Ricardo Emerson,Consumer
KS-6300,Karen Seio,Corporate
TS-11160,Theresa Swint,Corporate
ML-7395,Marina Lichtenstein,Corporate
BF-1170,Ben Ferrer,Consumer
NS-8640,Noel Staavos,Home Office
RB-9570,Rob Beeghly,Corporate
FM-4380,Fred McMath,Consumer
AG-300,Aleksandra Gannaway,Home Office
SW-10350,Sean Wendt,Home Office
JR-6210,Justin Ritter,Corporate
MD-7350,Maribeth Dona,Consumer
ML-7755,Max Ludwig,Consumer
HA-4920,Helen Andreada,Corporate
AS-45,Aaron Smayling,Consumer
BF-1215,Benjamin Farhat,Consumer
LH-6900,Lena Hernandez,Consumer
DP-3390,Dennis Pardue,Home Office
DH-3075,Dave Hallsten,Consumer
HM-4860,Harry Marie,Corporate
SB-10185,Sarah Brown,Home Office
RF-9840,Roy Französisch,Consumer
SV-10935,Susan Vittorini,Consumer
CS-2355,Christine Sundaresam,Home Office
GM-4695,Greg Maxwell,Consumer
AT-435,Alyssa Tate,Consumer
MC-8130,Mike Caudle,Corporate
FP-4320,Frank Preis,Consumer
DK-3225,Dean Katz,Home Office
VG-11790,Vivek Gonzalez,Corporate
LF-7185,Luke Foster,Corporate
NC-8535,Nick Crebassa,Consumer
DB-3405,Denny Blanton,Consumer
MH-8115,Mick Hernandez,Consumer
SA-10830,Sue Ann Reed,Consumer
JK-5640,Jim Kriz,Corporate
VF-11715,Vicky Freymann,Consumer
VW-11775,Victoria Wilson,Consumer
SN-10710,Steve Nguyen,Home Office
MS-7980,Michael Stewart,Home Office
AD-180,Alan Dominguez,Home Office
MC-8100,Mick Crebagga,Corporate
JB-5925,Joni Blumstein,Consumer
JC-5340,Jasper Cacioppo,Corporate
MF-7665,Maureen Fritzler,Home Office
RP-9270,Rachel Payne,Consumer
PF-9120,Peter Fuller,Home Office
DK-2895,Dana Kaydos,Consumer
RW-9630,Rob Williams,Consumer
TM-11490,Tony Molinari,Home Office
Co-2640,Corey-Lock,Consumer
EM-3810,Eleni McCrary,Consumer
JK-6090,Juliana Krohn,Consumer
JH-5430,Jennifer Halladay,Corporate
AR-405,Allen Rosenblatt,Corporate
TZ-11580,Tracy Zic,Home Office
BG-1035,Barry Gonzalez,Home Office
PS-9045,Penelope Sewall,Consumer
MS-7770,Maxwell Schwartz,Consumer
SS-10875,Sung Shariari,Corporate
DB-2970,Darren Budd,Consumer
SS-10515,Shirley Schmidt,Home Office
AW-930,Arthur Wiediger,Consumer
PK-8910,Paul Knutson,Corporate
GM-4440,Gary McGarr,Consumer
CY-2745,Craig Yedwab,Consumer
RW-9690,Robert Waldorf,Corporate
CC-2100,Chad Cunningham,Home Office
KD-6345,Katherine Ducich,Corporate
KN-6390,Katherine Nockton,Home Office
GT-4710,Greg Tran,Consumer
TS-11085,Thais Sissman,Consumer
RR-9525,Rick Reed,Corporate
MT-7815,Meg Tillman,Consumer
JA-5970,Joseph Airdo,Consumer
CB-2535,Claudia Bergmann,Consumer
AP-720,Anne Pryor,Consumer
SP-10860,Sung Pak,Corporate
IL-5100,Ivan Liston,Corporate
VD-11670,Valerie Dominguez,Consumer
EH-3765,Edward Hooks,Corporate
BS-1755,Bruce Stewart,Corporate
HL-5040,Hunter Lopez,Corporate
CA-2310,Christine Abelman,Consumer
AC-420,Alyssa Crouse,Consumer
CC-2145,Charles Crestani,Corporate
KB-6585,Ken Black,Corporate
JG-5115,Jack Garza,Consumer
GK-4620,Grace Kelly,Consumer
FW-4395,Fred Wasserman,Home Office
VM-11685,Valerie Mitchum,Corporate
RB-9360,Raymond Buch,Consumer
AG-495,Andrew Gjertsen,Corporate
IM-5070,Irene Maddox,Consumer
MC-7635,Matthew Clasen,Consumer
SH-10635,Stefanie Holloman,Home Office
KC-6540,Kelly Collister,Consumer
QJ-9255,Quincy Jones,Consumer
JK-5325,Jason Klamczynski,Consumer
AI-855,Arianne Irving,Home Office
SC-10095,Sanjit Chand,Consumer
CT-1995,Carol Triggs,Consumer
PJ-8835,Patrick Jones,Consumer
JM-6195,Justin MacKendrick,Home Office
CV-2295,Christina VanderZanden,Consumer
DB-3120,David Bremer,Consumer
NL-8310,Nancy Lomonaco,Consumer
BB-1545,Brenda Bowman,Consumer
BV-1245,Benjamin Venier,Corporate
BS-1380,Bill Stewart,Consumer
KA-6525,Kelly Andreada,Corporate
RB-9795,Ross Baird,Corporate
EP-3915,Emily Phan,Consumer
JS-5595,Jill Stevenson,Corporate
JE-5610,Jim Epp,Consumer
CJ-1875,Carl Jackson,Consumer
TH-11550,Tracy Hopkins,Home Office
HR-4830,Harold Ryan,Corporate
KC-6675,Kimberly Carter,Consumer
LS-7200,Luke Schmidt,Corporate
DL-2925,Daniel Lacy,Home Office
WB-11850,William Brown,Consumer
SJ-10500,Shirley Jackson,Consumer
DF-3135,David Flashing,Consumer
SZ-10035,Sam Zeldin,Consumer
CK-2205,Chloris Kastensmidt,Corporate
TM-11010,Tamara Manning,Consumer
FC-4335,Fred Chung,Corporate
GB-4530,George Bell,Consumer
BF-1275,Beth Fritzler,Home Office
NB-8655,Nona Balk,Consumer
EH-3990,Erica Hackney,Corporate
SP-10545,Sibella Parks,Home Office
Dp-3240,Dean percer,Consumer
LW-6825,Laurel Workman,Corporate
EN-3780,Edward Nazzal,Consumer
TZ-11445,Tom Zandusky,Consumer
KD-6615,Ken Dana,Corporate
LD-7005,Lisa DeCherney,Corporate
CL-1890,Carl Ludwig,Corporate
HG-4965,Henry Goldwyn,Consumer
BO-1350,Bill Overfelt,Consumer
YC-11895,Yoseph Carroll,Home Office
JM-5535,Jessica Myrick,Home Office
RA-9885,Ruben Ausman,Consumer
KM-6660,Khloe Miller,Consumer
DW-3585,Dorothy Wardle,Home Office
TS-11655,Trudy Schmidt,Consumer
RK-9300,Ralph Kennedy,Corporate
SC-10020,Sam Craven,Home Office
AG-390,Allen Goldenen,Consumer
AT-735,Annie Thurman,Consumer
JW-5955,Joni Wasserman,Consumer
AF-885,Art Foster,Consumer
KB-6405,Katrina Bavinger,Consumer
BP-1290,Beth Paige,Consumer
OT-8730,Olvera Toch,Consumer
LS-6975,Lindsay Shagiari,Consumer
GD-4590,Giulietta Dortch,Home Office
MP-7965,Michael Paige,Corporate
DS-3180,David Smith,Consumer
ED-3885,Emily Ducich,Corporate
NZ-8565,Nick Zandusky,Corporate
JG-5805,John Grady,Corporate
EB-3870,Emily Burns,Consumer
BG-1695,Brooke Gillingham,Corporate
SR-10425,Sharelle Roach,Consumer
AS-90,Adam Shillingsburg,Consumer
SP-10620,Stefania Perrino,Corporate
SH-10395,Shahid Hopkins,Consumer
AR-540,Andy Reiter,Consumer
CM-2235,Chris McAfee,Home Office
AS-225,Alan Schoenberger,Consumer
RA-9915,Russell Applegate,Home Office
RS-9420,Ricardo Sperren,Consumer
TN-11040,Tanja Norvell,Corporate
VP-11730,Victor Preis,Consumer
KW-6435,Katrina Willman,Home Office
PP-8955,Paul Prost,Corporate
SC-10575,Sonia Cooley,Corporate
ML-7410,Maris LaWare,Consumer
CJ-2010,Caroline Jumper,Consumer
FG-4260,Frank Gastineau,Corporate
TW-11025,Tamara Willingham,Home Office
DB-3210,Dean Braden,Consumer
EA-4035,Erin Ashbrook,Consumer
EM-3825,Elizabeth Moffitt,Corporate
TB-11355,Todd Boyes,Consumer
ME-8010,Michelle Ellison,Corporate
JE-5715,Joe Elijah,Corporate
MC-7605,Matt Connell,Consumer
FH-4350,Fred Harton,Corporate
BC-1125,Becky Castell,Corporate
MG-7875,Michael Grace,Consumer
FH-4275,Frank Hawley,Consumer
DK-2985,Darren Koutras,Corporate
BK-1260,Berenike Kampe,Consumer
MP-7470,Mark Packer,Consumer
SC-10800,Stuart Calhoun,Corporate
BD-1500,Bradley Drucker,Consumer
RC-9825,Roy Collins,Consumer
MG-7890,Michael Granlund,Corporate
ZC-11910,Zuschuss Carroll,Home Office
